GSM4240165	Adult_1d_F_3rd_scRNAseq
GSM4240166	Adult_1d_N_1_scRNAseq
GSM4240167	Adult_1d_N_2_scRNAseq
GSM4240168	Adult_3d_F_1st_scRNAseq
GSM4240169	Adult_3d_F_2nd_scRNAseq
GSM4240170	Adult_3d_N_scRNAseq
GSM4240171	Adult_3d_S_scRNAseq
GSM4240172	Adult1_scRNAseq
GSM4240173	Adult2_scRNAseq
GSM4240174	Adult3_scRNAseq
GSM4240175	Adult4_scRNAseq
GSM4240176	Adult5_scRNAseq
GSM4240177	Adult6_scRNAseq
GSM4240178	Adult7_scRNAseq
GSM4240179	Adult8_scRNAseq
GSM4240180	P70-5_scRNAseq
GSM4240181	P70-6_scRNAseq
GSM4240182	P70-7_scRNAseq
GSM4240183	P70-8_scRNAseq
GSM4240184	P70-9_scRNAseq
GSM4240185	P50-1_scRNAseq
GSM4240186	P50-2_scRNAseq
GSM4240187	P50-3_scRNAseq
GSM4240188	P50-4_scRNAseq
GSM4240189	P40-1_scRNAseq
GSM4240190	P40-2_scRNAseq
GSM4240191	P40-3_scRNAseq
GSM4240192	P40-4_scRNAseq
GSM4240193	P30-1_scRNAseq
GSM4240194	P30-2_scRNAseq
GSM4240195	P30-3_scRNAseq
GSM4240196	P30-4_scRNAseq
GSM4240197	P30-5_scRNAseq
GSM4240198	P15-1_scRNAseq
GSM4240199	P15-2_scRNAseq
GSM4240200	P15-3_scRNAseq
GSM4240201	P15-5_scRNAseq
GSM4240202	P15-6_scRNAseq
